feature,with_market,without_market
roll_cv_7,4.37,44.69
roll_cv_28,4.05,15.38
spread,1.71,6.8
commodity,0.81,5.71
lag_14_rel,1.5,5.44
roll_mean_7_rel,6.4,3.99
roll_mean_28_rel,4.79,3.17
log_last,2.95,2.32
lag_28_rel,1.71,1.91
temp_mean_7d,0.94,1.71
rain_30d,0.8,1.48
pct_change_7,1.01,1.4
weekofyear,1.38,1.34
lag_7_rel,0.35,1.03
rain_7d,1.03,0.88
obs_share_28,1.81,0.72
pct_change_1,0.93,0.44
lag_3_rel,1.19,0.37
lag_2_rel,0.56,0.32
fest_bakrid,0.09,0.2
month,0.62,0.17
dow,0.0,0.15
portal_v2,0.08,0.13
fest_onam,0.02,0.07
fest_christmas,0.03,0.04
monsoon,0.08,0.04
fest_vishu,0.0,0.04
days_since_last_obs,0.0,0.01
fest_ramzan,0.0,0.01
horizon,0.0,0.0
market,59.25,0.0
lag_1_rel,0.0,0.0
n_reports,0.0,0.0
variety,1.55,0.0
