crop,n,mape_lgbm,mape_naive,rel_improvement_pct,dm_stat,dm_p,wins,horizon_weeks
all,2052,3.835150926087603,3.7944797112545485,-1.071852215006519,1.7976604346618403,0.07516080741063308,False,1
banana,821,6.033595400797522,5.964584182934934,-1.1570164113038128,1.4724112771787232,0.1439589978154411,False,1
coconut,311,2.6922221380437303,2.690142376003829,-0.07731048209391744,0.031290573913770686,0.9750983605173404,False,1
pepper,310,1.0442780617307366,1.0099822518167343,-3.3956844144846787,1.6492901022201543,0.10213492486970427,False,1
rubber,205,1.8974425206226866,1.9197075369824133,1.159812936647897,-0.735013787339234,0.46400134756207095,False,1
tapioca,405,3.373246606126458,3.3236541511678532,-1.492106359537404,1.1116889830295047,0.26886004187733586,False,1
all,2052,5.760858007520172,5.647430478032578,-2.0084803155843156,1.6499648928010284,0.10199652133967778,False,2
banana,821,8.929492942286602,8.763584753707141,-1.8931543796535832,1.1439812196045152,0.2552830956331275,False,2
coconut,311,4.441036203531677,4.21033772442331,-5.479334300669825,2.7484097359898927,0.007072290312894873,False,2
pepper,310,1.8401355483133979,1.758493970159758,-4.642698783108301,1.7403348383252786,0.08478683879840018,False,2
rubber,205,2.839067208381215,2.810868137541397,-1.003215713437311,0.5049413422958919,0.6146787083849702,False,2
tapioca,405,4.8309972069640486,4.846538584908957,0.32066964231545203,-0.06685668212409866,0.946825402559768,False,2
all,2052,7.174771819077653,7.012346433858796,-2.3162772511436724,1.8300695051785676,0.07013156083577153,False,3
banana,821,10.851043947038097,10.712535279030623,-1.2929588038659512,0.9494548340867262,0.3446118005238119,False,3
coconut,311,6.516919084594897,5.914440801262721,-10.18656376108369,2.009657706853885,0.04708267562277845,False,3
pepper,310,2.380223698547067,2.282900951544664,-4.263117369877656,2.198836996096394,0.030126733095743943,False,3
rubber,205,3.6966242086300434,3.6630801826125023,-0.915732780755496,0.5043325855563049,0.6151048592675991,False,3
tapioca,405,5.657989006422974,5.66992986811603,0.2105998128866471,-0.0025353027672631186,0.9979820271174599,False,3
all,2052,8.260205130179669,8.123910899395797,-1.6776923389695053,0.9472433712477796,0.3457318329995689,False,4
banana,821,12.327328286353337,12.326269185606415,-0.008592224711101437,0.017851578456823374,0.9857917922713818,False,4
coconut,311,8.009046045582846,7.2594867666395695,-10.325237899569162,1.8836857833126637,0.062427977332460916,False,4
pepper,310,2.7292168710799416,2.5660649506082365,-6.3580588805062455,2.2312018410418757,0.027835184977792072,False,4
rubber,205,4.366285334404575,4.4887535788491695,2.728335211397226,-1.0775640027756412,0.28374562467651293,False,4
tapioca,405,6.412951506836075,6.363020151604376,-0.7847115684382899,0.17693441943673452,0.8599073578508171,False,4
