commodity,market,variety,weight
banana,Chenkal VFPCK,Nendran,0.0
banana,Elamad VFPCK,Nendran,0.21
banana,Kayamkulam,Nendran,0.66
banana,Kunnukara VFPCK,Nendran,0.31
banana,Mookkannur VFPCK,Nendran,0.82
banana,Parassala,Nendran,0.8
banana,Thiruvaniyoor VFPCK,Nendran,0.36
banana,Vengannore VFPCK,Nendran,0.9
coconut,Koduvayoor,Big,0.33
coconut,North Paravur,Big,0.45
coconut,Palakkad,Coconut,0.0
pepper,Kannur,Other,0.0
pepper,Manjeswaram,Garbled Other,0.05
pepper,North Paravur,Garbled,0.0
rubber,Kalpetta,RSS-4,0.1
rubber,Pulpally,Other,0.56
tapioca,Manjeswaram,Other,0.94
tapioca,North Paravur,Other,0.0
tapioca,Payyannur,Other,0.0
tapioca,Perumbavoor,Tapioca,0.17
